1001,AnanyaGupta,anany123@,Punjabi Dhaba
1002,RahulSharma,sharma43@,Irfan Hotel
1003,AditiVerma,aditya2002#,A2B (Adyar Ananda Bhavan)
1004,VivekSingh,vivek1976@@,Ramasamy mess
1005,NehaReddy,nehaa@123,Paradise
1006,KiranKumar,kiran78@,Madras Cafe
1007,SnehaPatel,Sneha46@,Namma Veedu Vasanta Bhavan
1008,ArjunJoshi,Arjun@1979,Dindigul Thalappakatti
1009,MeeraGowda,meera2005@,Fuji japanese restaurant
1010,ManishChopra,manish67@,Grand Hotel
1011,DeepikaRao,deepika23@,Anupam
1012,VikasMalhotra,vikas4234@,Pundits Fusion
1013,SnehalDesai,desai34@,Thrishna
1014,KarthikMenon,karthik@2324,The Everest Eatery
1015,PriyaShah,priya98@,Massalla Lounge
1016,AjayKumar,ajayy1989@,Gurkha Majestic Dining
1017,AnjaliNair,anjali121@,Mendi Indian Restaurant
1018,KrishnaMurthy,krish34@,Flute Signature
1019,PoojaIyer,poojx47@,Delhi Spice
1020,RajeshSinha,rajesh3002@,Cromwell's
1021,MaheshBabu,maheshd12@,Pasha Everest
1022,AishwaryaRai,Aish55@,Gurkha Chef
1023,VarunChauhan,Varun2002@,Royal Spice
1024,ShreyaSinghal,shreya76@,Aga's Restaurant & Catering
1025,PrakashRaj,prakash34@,Kiran's
1026,SakshiSinha,Sakshi23@,Pondicheri
1027,AdityaVerma,aditi45@,Maharaja Bhog
1028,SwatiJain,swati87@,Cuisine of India
1029,RahulBhatia,rahul1998@,Dominos
1030,ShaliniGupta,Shalini2323@,KFC
